Protein1,Residue1,Protein2,Residue2,Minimum distance
H4,78,H3,80,11.700568845065986
WDR76,442,WDR76,10,8.229889559207871
WDR76,20,WDR76,10,0.0
WDR76,442,H3,19,8.576260247341631
WDR76,442,H2B,121,19.163044875491703
H3,80,H4,13,4.205261357385445
WDR76,295,WDR76,582,12.351844103854388
H4,80,H4,78,5.4509941090467136
WDR76,531,WDR76,582,24.846953342419287
H4,32,H3,19,3.987427950599211
H4,32,WDR76,10,10.450999801633316
H4,32,H4,13,4.279032946699355
WDR76,531,WDR76,442,27.237933577350876
